AirLine,URL
AB Aviation,https://www.airlinequality.com/airline-reviews/ab-aviation
Adria Airways,https://www.airlinequality.com/airline-reviews/adria-airways
Aegean Airlines,https://www.airlinequality.com/airline-reviews/aegean-airlines
Aer Lingus,https://www.airlinequality.com/airline-reviews/aer-lingus
Aero VIP,https://www.airlinequality.com/airline-reviews/aero-vip
Aerocaribbean,https://www.airlinequality.com/airline-reviews/aerocaribbean
Aeroflot Russian Airlines,https://www.airlinequality.com/airline-reviews/aeroflot-russian-airlines
AeroItalia,https://www.airlinequality.com/airline-reviews/aeroitalia
Aerolineas Argentinas,https://www.airlinequality.com/airline-reviews/aerolineas-argentinas
Aeromar,https://www.airlinequality.com/airline-reviews/aeromar
Aeromexico,https://www.airlinequality.com/airline-reviews/aeromexico
Aerosur,https://www.airlinequality.com/airline-reviews/aerosur
Africa World Airlines,https://www.airlinequality.com/airline-reviews/africa-world-airlines
Afriqiyah Airways,https://www.airlinequality.com/airline-reviews/afriqiyah-airways
Aigle Azur,https://www.airlinequality.com/airline-reviews/aigle-azur
Air Algerie,https://www.airlinequality.com/airline-reviews/air-algerie
Air Antilles,https://www.airlinequality.com/airline-reviews/air-antilles
Air Arabia,https://www.airlinequality.com/airline-reviews/air-arabia
Air Astana,https://www.airlinequality.com/airline-reviews/air-astana
Air Austral,https://www.airlinequality.com/airline-reviews/air-austral
Air Bagan,https://www.airlinequality.com/airline-reviews/air-bagan
Air Berlin,https://www.airlinequality.com/airline-reviews/air-berlin
Air Botswana,https://www.airlinequality.com/airline-reviews/air-botswana
Air Burkina,https://www.airlinequality.com/airline-reviews/air-burkina
Air Busan,https://www.airlinequality.com/airline-reviews/air-busan
Air Cairo,https://www.airlinequality.com/airline-reviews/air-cairo
Air Canada,https://www.airlinequality.com/airline-reviews/air-canada
Air Canada rouge,https://www.airlinequality.com/airline-reviews/air-canada-rouge
Air Caraibes,https://www.airlinequality.com/airline-reviews/air-caraibes
Air China,https://www.airlinequality.com/airline-reviews/air-china
Air Corsica,https://www.airlinequality.com/airline-reviews/air-corsica
Air Costa,https://www.airlinequality.com/airline-reviews/air-costa
Air Cote d'Ivoire,https://www.airlinequality.com/airline-reviews/air-cote-divoire
Air Djibouti,https://www.airlinequality.com/airline-reviews/air-djibouti
Air Dolomiti,https://www.airlinequality.com/airline-reviews/air-dolomiti
Air Europa,https://www.airlinequality.com/airline-reviews/air-europa
Air France,https://www.airlinequality.com/airline-reviews/air-france
Air Greenland,https://www.airlinequality.com/airline-reviews/air-greenland
Air Iceland Connect,https://www.airlinequality.com/airline-reviews/air-iceland-connect
Air India,https://www.airlinequality.com/airline-reviews/air-india
Air India Express,https://www.airlinequality.com/airline-reviews/air-india-express
Air Italy,https://www.airlinequality.com/airline-reviews/air-italy
Air Juan,https://www.airlinequality.com/airline-reviews/air-juan
Air KBZ,https://www.airlinequality.com/airline-reviews/air-kbz
Air Koryo,https://www.airlinequality.com/airline-reviews/air-koryo
Air Labrador,https://www.airlinequality.com/airline-reviews/air-labrador
Air Macau,https://www.airlinequality.com/airline-reviews/air-macau
Air Madagascar,https://www.airlinequality.com/airline-reviews/air-madagascar
Air Malawi,https://www.airlinequality.com/airline-reviews/air-malawi
Air Malta,https://www.airlinequality.com/airline-reviews/air-malta
Air Mauritius,https://www.airlinequality.com/airline-reviews/air-mauritius
Air Mediterranee,https://www.airlinequality.com/airline-reviews/air-mediterranee
Air Memphis,https://www.airlinequality.com/airline-reviews/air-memphis
Air Moldova,https://www.airlinequality.com/airline-reviews/air-moldova
Air Namibia,https://www.airlinequality.com/airline-reviews/air-namibia
Air New Zealand,https://www.airlinequality.com/airline-reviews/air-new-zealand
Air Niugini,https://www.airlinequality.com/airline-reviews/air-niugini
Air North Yukon's Airline,https://www.airlinequality.com/airline-reviews/air-north-yukons-airline
Air Nostrum,https://www.airlinequality.com/airline-reviews/air-nostrum
Air Panama,https://www.airlinequality.com/airline-reviews/air-panama
Air Pegasus,https://www.airlinequality.com/airline-reviews/air-pegasus
Air Rarotonga,https://www.airlinequality.com/airline-reviews/air-rarotonga
Air Serbia,https://www.airlinequality.com/airline-reviews/air-serbia
Air Seychelles,https://www.airlinequality.com/airline-reviews/air-seychelles
Air Tahiti Nui,https://www.airlinequality.com/airline-reviews/air-tahiti-nui
Air Tanzania,https://www.airlinequality.com/airline-reviews/air-tanzania
Air Transat,https://www.airlinequality.com/airline-reviews/air-transat
Air Vanuatu,https://www.airlinequality.com/airline-reviews/air-vanuata
Air Zimbabwe,https://www.airlinequality.com/airline-reviews/air-zimbabwe
AirAsia,https://www.airlinequality.com/airline-reviews/airasia
AirAsia India,https://www.airlinequality.com/airline-reviews/airasia-india
AirAsia Philippines,https://www.airlinequality.com/airline-reviews/airasia-philippines
AirAsia X,https://www.airlinequality.com/airline-reviews/airasia-x
AirAsia Zest,https://www.airlinequality.com/airline-reviews/airasia-zest
airBaltic,https://www.airlinequality.com/airline-reviews/airbaltic
airblue,https://www.airlinequality.com/airline-reviews/air-blue
Aircalin,https://www.airlinequality.com/airline-reviews/aircalin
AirConnect,https://www.airlinequality.com/airline-reviews/airconnect
Airlink,https://www.airlinequality.com/airline-reviews/airlink
Airnorth,https://www.airlinequality.com/airline-reviews/airnorth
AirSWIFT,https://www.airlinequality.com/airline-reviews/airswift
Akasa Air,https://www.airlinequality.com/airline-reviews/akasa-air
Alaska Airlines,https://www.airlinequality.com/airline-reviews/alaska-airlines
Alitalia,https://www.airlinequality.com/airline-reviews/alitalia
Allegiant Air,https://www.airlinequality.com/airline-reviews/allegiant-air
Alliance Air,https://www.airlinequality.com/airline-reviews/alliance-air
Alliance Airlines,https://www.airlinequality.com/airline-reviews/alliance-airlines
Amaszonas,https://www.airlinequality.com/airline-reviews/amaszonas
American Airlines,https://www.airlinequality.com/airline-reviews/american-airlines
American Eagle,https://www.airlinequality.com/airline-reviews/american-eagle
ANA All Nippon Airways,https://www.airlinequality.com/airline-reviews/ana-all-nippon-airways
AnadoluJet,https://www.airlinequality.com/airline-reviews/anadolujet
Andes L�neas A�reas,https://www.airlinequality.com/airline-reviews/andes-lineas-aereas
Ariana Afghan Airlines,https://www.airlinequality.com/airline-reviews/ariana-afghan-airlines
Arik Air,https://www.airlinequality.com/airline-reviews/arik-air
Arkefly,https://www.airlinequality.com/airline-reviews/arkefly
Arkia Israeli Airlines,https://www.airlinequality.com/airline-reviews/arkia-israeli
Armenia Air Company,https://www.airlinequality.com/airline-reviews/armenia-air-company
Armenian Airlines,https://www.airlinequality.com/airline-reviews/armenian-airlines
Asiana Airlines,https://www.airlinequality.com/airline-reviews/asiana-airlines
ASKY Airlines,https://www.airlinequality.com/airline-reviews/asky-airlines
ATA Airlines,https://www.airlinequality.com/airline-reviews/ata-airlines
Atlantic Airways,https://www.airlinequality.com/airline-reviews/atlantic-airways
Atlasglobal,https://www.airlinequality.com/airline-reviews/atlasjet-airlines
Auric Air,https://www.airlinequality.com/airline-reviews/auric-air
Aurigny Air,https://www.airlinequality.com/airline-reviews/aurigny-air
Austrian Airlines,https://www.airlinequality.com/airline-reviews/austrian-airlines
Avelo Airlines,https://www.airlinequality.com/airline-reviews/avelo-airlines
Avianca,https://www.airlinequality.com/airline-reviews/avianca
Avianca Brazil,https://www.airlinequality.com/airline-reviews/avianca-brasil
Avianca Ecuador,https://www.airlinequality.com/airline-reviews/aerogal-aerolineas-galapagos
Avior Airlines,https://www.airlinequality.com/airline-reviews/avior-airlines
Azerbaijan Airlines,https://www.airlinequality.com/airline-reviews/azerbaijan-airlines
Azul Airlines,https://www.airlinequality.com/airline-reviews/azul-linhas-aereas-brasileiras
Azur Air Germany,https://www.airlinequality.com/airline-reviews/azur-air-germany
BA CityFlyer,https://www.airlinequality.com/airline-reviews/ba-cityflyer
Badr Airlines,https://www.airlinequality.com/airline-reviews/badr-airlines
Bahamasair,https://www.airlinequality.com/airline-reviews/bahamasair
Bamboo Airways,https://www.airlinequality.com/airline-reviews/bamboo-airways
Bangkok Airways,https://www.airlinequality.com/airline-reviews/bangkok-airways
Bassaka Air,https://www.airlinequality.com/airline-reviews/bassaka-air
Batik Air,https://www.airlinequality.com/airline-reviews/batik-air
Beijing Capital Airlines,https://www.airlinequality.com/airline-reviews/beijing-capital-airlines
Belavia,https://www.airlinequality.com/airline-reviews/belavia
Berjaya Air,https://www.airlinequality.com/airline-reviews/berjaya-air
BH Air,https://www.airlinequality.com/airline-reviews/bh-airlines
Bhutan Airlines,https://www.airlinequality.com/airline-reviews/bhutan-airlines
Biman Bangladesh Airlines,https://www.airlinequality.com/airline-reviews/biman-bangladesh
Binter Canarias,https://www.airlinequality.com/airline-reviews/binter-canarias
Blu-express,https://www.airlinequality.com/airline-reviews/bluexpress
Blue Air,https://www.airlinequality.com/airline-reviews/blue-air
Blue Islands,https://www.airlinequality.com/airline-reviews/blue-islands
Blue Panorama Airlines,https://www.airlinequality.com/airline-reviews/blue-panorama-airlines
Blue1,https://www.airlinequality.com/airline-reviews/blue1
Bluebird Airways,https://www.airlinequality.com/airline-reviews/bluebird-airways
bmi Regional,https://www.airlinequality.com/airline-reviews/bmi-regional
Boliviana de Aviacion,https://www.airlinequality.com/airline-reviews/boliviana-de-aviacin
BoraJet,https://www.airlinequality.com/airline-reviews/borajet
Boutique Air,https://www.airlinequality.com/airline-reviews/boutique-air
Breeze Airways,https://www.airlinequality.com/airline-reviews/breeze-airways
British Airways,https://www.airlinequality.com/airline-reviews/british-airways
Brussels Airlines,https://www.airlinequality.com/airline-reviews/brussels-airlines
Buddha Air,https://www.airlinequality.com/airline-reviews/buddha-air
Bulgaria Air,https://www.airlinequality.com/airline-reviews/bulgaria-air
Buraq Air,https://www.airlinequality.com/airline-reviews/buraq
Buta Airways,https://www.airlinequality.com/airline-reviews/buta-airways
Camair-Co,https://www.airlinequality.com/airline-reviews/camair-co
Cambodia Airways,https://www.airlinequality.com/airline-reviews/cambodia-airways
Cambodia Angkor Air,https://www.airlinequality.com/airline-reviews/cambodia-angkor-airlines
Cambodia Bayon Airlines,https://www.airlinequality.com/airline-reviews/cambodia-bayon-airlines
Canadian North,https://www.airlinequality.com/airline-reviews/canadian-north
Canaryfly,https://www.airlinequality.com/airline-reviews/canaryfly
Cape Air,https://www.airlinequality.com/airline-reviews/cape-air
Caribbean Airlines,https://www.airlinequality.com/airline-reviews/caribbean-airlines
Carpatair,https://www.airlinequality.com/airline-reviews/carpatair
Cathay Dragon,https://www.airlinequality.com/airline-reviews/cathay-dragon
Cathay Pacific Airways,https://www.airlinequality.com/airline-reviews/cathay-pacific-airways
Cayman Airways,https://www.airlinequality.com/airline-reviews/cayman-airways
Cebu Pacific,https://www.airlinequality.com/airline-reviews/cebu-pacific
CemAir,https://www.airlinequality.com/airline-reviews/cemair
Central Mountain Air,https://www.airlinequality.com/airline-reviews/central-mountain-air
China Airlines,https://www.airlinequality.com/airline-reviews/china-airlines
China Eastern Airlines,https://www.airlinequality.com/airline-reviews/china-eastern-airlines
China Southern Airlines,https://www.airlinequality.com/airline-reviews/china-southern-airlines
China United Airlines,https://www.airlinequality.com/airline-reviews/china-united-airlines
Citilink,https://www.airlinequality.com/airline-reviews/citilink
CityJet,https://www.airlinequality.com/airline-reviews/cityjet
Coastal Aviation,https://www.airlinequality.com/airline-reviews/coastal-aviation
Cobalt,https://www.airlinequality.com/airline-reviews/cobalt
Comair,https://www.airlinequality.com/airline-reviews/comair
Condor Airlines,https://www.airlinequality.com/airline-reviews/condor-airlines
Conviasa,https://www.airlinequality.com/airline-reviews/conviasa
Copa Airlines,https://www.airlinequality.com/airline-reviews/copa-airlines
Corendon Airlines,https://www.airlinequality.com/airline-reviews/corendon-airlines
Corsair,https://www.airlinequality.com/airline-reviews/corsair
Croatia Airlines,https://www.airlinequality.com/airline-reviews/croatia-airlines
CSA Czech Airlines,https://www.airlinequality.com/airline-reviews/csa-czech-airlines
Cubana Airlines,https://www.airlinequality.com/airline-reviews/cubana-airlines
Cyprus Airways,https://www.airlinequality.com/airline-reviews/cyprus-airways
Danish Air Transport,https://www.airlinequality.com/airline-reviews/danish-air
Darwin Airline,https://www.airlinequality.com/airline-reviews/darwin
Delta Air Lines,https://www.airlinequality.com/airline-reviews/delta-air-lines
Dimonim Air,https://www.airlinequality.com/airline-reviews/dimonim-air
Discover Airlines,https://www.airlinequality.com/airline-reviews/discover-airlines
Dniproavia,https://www.airlinequality.com/airline-reviews/dniproavia
Dragonair,https://www.airlinequality.com/airline-reviews/dragonair
Druk Air,https://www.airlinequality.com/airline-reviews/druk-air
Dynamic International Airways,https://www.airlinequality.com/airline-reviews/dynamic-international-airways
Eastar Jet,https://www.airlinequality.com/airline-reviews/eastarjet
Eastern Airlines,https://www.airlinequality.com/airline-reviews/eastern-airlines
Eastern Airways,https://www.airlinequality.com/airline-reviews/eastern-airways
Easyfly,https://www.airlinequality.com/airline-reviews/easyfly
easyJet,https://www.airlinequality.com/airline-reviews/easyjet
Edelweiss Air,https://www.airlinequality.com/airline-reviews/edelweiss-air
Egyptair,https://www.airlinequality.com/airline-reviews/egyptair
El Al Israel Airlines,https://www.airlinequality.com/airline-reviews/el-al-israel-airlines
Ellinair,https://www.airlinequality.com/airline-reviews/ellinair
Emirates,https://www.airlinequality.com/airline-reviews/emirates
Eritrean Airlines,https://www.airlinequality.com/airline-reviews/eritrean-airlines
Ernest Airlines,https://www.airlinequality.com/airline-reviews/ernest-airlines
Estonian Air,https://www.airlinequality.com/airline-reviews/estonian-air
Eswatini Air,https://www.airlinequality.com/airline-reviews/eswatini-air
Ethiopian Airlines,https://www.airlinequality.com/airline-reviews/ethiopian-airlines
Etihad Airways,https://www.airlinequality.com/airline-reviews/etihad-airways
euroAtlantic Airways,https://www.airlinequality.com/airline-reviews/euroatlantic-airways
Europe Airpost,https://www.airlinequality.com/airline-reviews/europe-airpost
Eurowings,https://www.airlinequality.com/airline-reviews/eurowings
EVA Air,https://www.airlinequality.com/airline-reviews/eva-air
Evelop Airlines,https://www.airlinequality.com/airline-reviews/evelop-airlines
EWA Air,https://www.airlinequality.com/airline-reviews/ewa-air
Ravn Alaska,https://www.airlinequality.com/airline-reviews/era-alaska
Far Eastern Air Transport,https://www.airlinequality.com/airline-reviews/far-eastern
fastjet,https://www.airlinequality.com/airline-reviews/fastjet
Felix Airways,https://www.airlinequality.com/airline-reviews/felix-airways
Fiji Airways,https://www.airlinequality.com/airline-reviews/fiji-airways
Finnair,https://www.airlinequality.com/airline-reviews/finnair
Firefly,https://www.airlinequality.com/airline-reviews/firefly
Flair Airlines,https://www.airlinequality.com/airline-reviews/flair-airlines
Fly540.com,https://www.airlinequality.com/airline-reviews/fly540-com
flyadeal,https://www.airlinequality.com/airline-reviews/flyadeal
FlyArystan,https://www.airlinequality.com/airline-reviews/flyarystan
flybe,https://www.airlinequality.com/airline-reviews/flybe
flybondi,https://www.airlinequality.com/airline-reviews/flybondi
flydubai,https://www.airlinequality.com/airline-reviews/flydubai
Flynas,https://www.airlinequality.com/airline-reviews/flynas
FLYONE,https://www.airlinequality.com/airline-reviews/flyone
FlySafair,https://www.airlinequality.com/airline-reviews/flysafair
FMI Air,https://www.airlinequality.com/airline-reviews/fmi-air
Freebird Airlines,https://www.airlinequality.com/airline-reviews/free-bird
French Bee,https://www.airlinequality.com/airline-reviews/french-bee
Frontier Airlines,https://www.airlinequality.com/airline-reviews/frontier-airlines
Fuji Dream Airlines,https://www.airlinequality.com/airline-reviews/fuji-dream-airlines
Garuda Indonesia,https://www.airlinequality.com/airline-reviews/garuda-indonesia
Georgian Airways,https://www.airlinequality.com/airline-reviews/georgian-airways
Germania Airline,https://www.airlinequality.com/airline-reviews/germania-airline
Germanwings,https://www.airlinequality.com/airline-reviews/germanwings
Go First,https://www.airlinequality.com/airline-reviews/go-first
GoAir,https://www.airlinequality.com/airline-reviews/goair
Gol Transportes A�reos,https://www.airlinequality.com/airline-reviews/gol
Golden Myanmar Airlines,https://www.airlinequality.com/airline-reviews/golden-myanmar-airlines
Grand Cru Airlines,https://www.airlinequality.com/airline-reviews/grand-cru-airlines
Greater Bay Airlines,https://www.airlinequality.com/airline-reviews/greater-bay-airlines
Gulf Air,https://www.airlinequality.com/airline-reviews/gulf-air
Hainan Airlines,https://www.airlinequality.com/airline-reviews/hainan-airlines
Hawaiian Airlines,https://www.airlinequality.com/airline-reviews/hawaiian-airlines
Helvetic Airways,https://www.airlinequality.com/airline-reviews/helvetic
Henan Airlines,https://www.airlinequality.com/airline-reviews/henan-airlines
Hi Fly,https://www.airlinequality.com/airline-reviews/hi-fly
Himalaya Airlines,https://www.airlinequality.com/airline-reviews/himalaya-airlines
HiSky,https://www.airlinequality.com/airline-reviews/hisky
HK Express,https://www.airlinequality.com/airline-reviews/hong-kong
Hong Kong Airlines,https://www.airlinequality.com/airline-reviews/hong-kong-airlines
HOP!,https://www.airlinequality.com/airline-reviews/hop
Horizon Air,https://www.airlinequality.com/airline-reviews/horizon-air
Hunnu Air,https://www.airlinequality.com/airline-reviews/hunnu-air
Iberia,https://www.airlinequality.com/airline-reviews/iberia
Iberia Express,https://www.airlinequality.com/airline-reviews/iberia-express
Iberojet,https://www.airlinequality.com/airline-reviews/iberojet
Icelandair,https://www.airlinequality.com/airline-reviews/icelandair
IndiGo,https://www.airlinequality.com/airline-reviews/indigo-airlines
Insel Air,https://www.airlinequality.com/airline-reviews/insel-air
Intercaribbean Airways,https://www.airlinequality.com/airline-reviews/intercaribbean-airways
Interjet,https://www.airlinequality.com/airline-reviews/interjet
InterSky,https://www.airlinequality.com/airline-reviews/intersky
Iran Air,https://www.airlinequality.com/airline-reviews/iran-air
Iran Aseman Airlines,https://www.airlinequality.com/airline-reviews/iran-aseman
Iraqi Airways,https://www.airlinequality.com/airline-reviews/iraqi-airways
Island Air,https://www.airlinequality.com/airline-reviews/island
Israir Airlines,https://www.airlinequality.com/airline-reviews/israir-airlines
ITA Airways,https://www.airlinequality.com/airline-reviews/ita-airways
Japan Airlines,https://www.airlinequality.com/airline-reviews/japan-airlines
Jazeera Airways,https://www.airlinequality.com/airline-reviews/jazeera-airways
Jazz,https://www.airlinequality.com/airline-reviews/jazz
JC International Airlines,https://www.airlinequality.com/airline-reviews/jc-international-airlines
Jeju Air,https://www.airlinequality.com/airline-reviews/jeju-air
Jet Airways,https://www.airlinequality.com/airline-reviews/jet-airways
Jet2.com,https://www.airlinequality.com/airline-reviews/jet2-com
Jetairfly,https://www.airlinequality.com/airline-reviews/jetairfly
Jetblue Airways,https://www.airlinequality.com/airline-reviews/jetblue-airways
JetSmart,https://www.airlinequality.com/airline-reviews/jetsmart
Jetstar Airways,https://www.airlinequality.com/airline-reviews/jetstar-airways
Jetstar Asia,https://www.airlinequality.com/airline-reviews/jetstar-asia
Jetstar Japan,https://www.airlinequality.com/airline-reviews/jetstar-japan
Jetstar Pacific,https://www.airlinequality.com/airline-reviews/jetstar-pacific
JetsuiteX,https://www.airlinequality.com/airline-reviews/jetsuitex
Jin Air,https://www.airlinequality.com/airline-reviews/jin-air
Joon,https://www.airlinequality.com/airline-reviews/joon
Jordan Aviation,https://www.airlinequality.com/airline-reviews/jordan-aviation
Juneyao Air,https://www.airlinequality.com/airline-reviews/juneyao-airlines
Kam Air,https://www.airlinequality.com/airline-reviews/kam-air
Kan Air,https://www.airlinequality.com/airline-reviews/kan-air
Karthago Airlines,https://www.airlinequality.com/airline-reviews/karthago-airlines
KD Air,https://www.airlinequality.com/airline-reviews/kd-air
Kenya Airways,https://www.airlinequality.com/airline-reviews/kenya-airways
Kish Airlines,https://www.airlinequality.com/airline-reviews/kish-air
KLM Royal Dutch Airlines,https://www.airlinequality.com/airline-reviews/klm-royal-dutch-airlines
Korean Air,https://www.airlinequality.com/airline-reviews/korean-air
Kulula,https://www.airlinequality.com/airline-reviews/kulula
Kuwait Airways,https://www.airlinequality.com/airline-reviews/kuwait-airways
La Compagnie,https://www.airlinequality.com/airline-reviews/la-compagnie
LAM Mozambique,https://www.airlinequality.com/airline-reviews/lam-mozambique-airlines
LAN Airlines,https://www.airlinequality.com/airline-reviews/lan-airlines
LAN Colombia,https://www.airlinequality.com/airline-reviews/lan-colombia
LAN Peru,https://www.airlinequality.com/airline-reviews/lan-peru
Lao Airlines,https://www.airlinequality.com/airline-reviews/lao-airlines-2
Lao Skyway,https://www.airlinequality.com/airline-reviews/lao-airlines
LATAM Airlines,https://www.airlinequality.com/airline-reviews/latam-airlines
Laudamotion,https://www.airlinequality.com/airline-reviews/laudamotion
LC Per�,https://www.airlinequality.com/airline-reviews/lc-peru
Level,https://www.airlinequality.com/airline-reviews/level
LIAT,https://www.airlinequality.com/airline-reviews/liat
Libyan Airlines,https://www.airlinequality.com/airline-reviews/libyan-airlines
Lion Air,https://www.airlinequality.com/airline-reviews/lion-air
Loch Lomond Seaplanes,https://www.airlinequality.com/airline-reviews/loch-lomond-seaplanes
Loganair,https://www.airlinequality.com/airline-reviews/loganair
LOT Polish Airlines,https://www.airlinequality.com/airline-reviews/lot-polish-airlines
Lubeck Air,https://www.airlinequality.com/airline-reviews/lubeck-air
Lucky Air,https://www.airlinequality.com/airline-reviews/lucky-air
Lufthansa,https://www.airlinequality.com/airline-reviews/lufthansa
Luxair,https://www.airlinequality.com/airline-reviews/luxair
Lynx Air,https://www.airlinequality.com/airline-reviews/lynx-air
Mack Air,https://www.airlinequality.com/airline-reviews/mack-air
Madagasikara Airways,https://www.airlinequality.com/airline-reviews/madagasikara-airways
Mahan Air,https://www.airlinequality.com/airline-reviews/mahan-air
Malawian Airlines,https://www.airlinequality.com/airline-reviews/malawian-airlines
Malaysia Airlines,https://www.airlinequality.com/airline-reviews/malaysia-airlines
Maldivian,https://www.airlinequality.com/airline-reviews/maldivian
Malindo Air,https://www.airlinequality.com/airline-reviews/malindo-air
Malmo Aviation,https://www.airlinequality.com/airline-reviews/malm-aviation
Mandarin Airlines,https://www.airlinequality.com/airline-reviews/mandarin-airlines
Mango Airlines,https://www.airlinequality.com/airline-reviews/mango
Mann Yadanarpon Airlines,https://www.airlinequality.com/airline-reviews/mann-yadanarpon-airlines
Manta Air,https://www.airlinequality.com/airline-reviews/manta-air
Martinair,https://www.airlinequality.com/airline-reviews/martinair
Mauritania Airlines,https://www.airlinequality.com/airline-reviews/mauritania-airlines
Maya Island Air,https://www.airlinequality.com/airline-reviews/maya-island-air
MAYAir,https://www.airlinequality.com/airline-reviews/mayair
MEGA Maldives Airlines,https://www.airlinequality.com/airline-reviews/mega-maldives-airlines
Meridiana,https://www.airlinequality.com/airline-reviews/meridiana
MIAT Mongolian Airlines,https://www.airlinequality.com/airline-reviews/miat-mongolian
Middle East Airlines,https://www.airlinequality.com/airline-reviews/mea-middle-east-airlines
Mihin Lanka,https://www.airlinequality.com/airline-reviews/mihin-lanka
Mokulele Airlines,https://www.airlinequality.com/airline-reviews/mokulele-airlines
Moldavian Airlines,https://www.airlinequality.com/airline-reviews/moldavian-airlines
Monarch Airlines,https://www.airlinequality.com/airline-reviews/monarch-airlines
Montenegro Airlines,https://www.airlinequality.com/airline-reviews/montenegro-airlines
Motor Sich Airlines,https://www.airlinequality.com/airline-reviews/motor-sich-airlines
Myanmar Airways,https://www.airlinequality.com/airline-reviews/myanmar-airways
Myanmar National Airlines,https://www.airlinequality.com/airline-reviews/myanmar-national-airlines
NAM Air,https://www.airlinequality.com/airline-reviews/nam-air
Nature Air,https://www.airlinequality.com/airline-reviews/nature-air
Nauru Airlines,https://www.airlinequality.com/airline-reviews/nauru-airlines
Nepal Airlines,https://www.airlinequality.com/airline-reviews/nepal-airlines
NextJet,https://www.airlinequality.com/airline-reviews/nextjet
NIKI,https://www.airlinequality.com/airline-reviews/niki
Nile Air,https://www.airlinequality.com/airline-reviews/nile-air
Nok Air,https://www.airlinequality.com/airline-reviews/nok-air
NokScoot,https://www.airlinequality.com/airline-reviews/nokscoot
Nordavia,https://www.airlinequality.com/airline-reviews/nordavia
Nordic Regional Airlines,https://www.airlinequality.com/airline-reviews/nordic-regional-airlines
Nordica,https://www.airlinequality.com/airline-reviews/nordica
NordStar,https://www.airlinequality.com/airline-reviews/nordstar
Nordwind Airlines,https://www.airlinequality.com/airline-reviews/nordwind-airlines
Norse Atlantic Airways,https://www.airlinequality.com/airline-reviews/norse-atlantic-airways
Norwegian,https://www.airlinequality.com/airline-reviews/norwegian
Nouvelair,https://www.airlinequality.com/airline-reviews/nouvelair
Novair,https://www.airlinequality.com/airline-reviews/novair
Novoair,https://www.airlinequality.com/airline-reviews/novoair
Okay Airways,https://www.airlinequality.com/airline-reviews/okay-airways
Olympic Air,https://www.airlinequality.com/airline-reviews/olympic-air
Oman Air,https://www.airlinequality.com/airline-reviews/oman-air
Omni Air International,https://www.airlinequality.com/airline-reviews/omni-air-international
Onur Air,https://www.airlinequality.com/airline-reviews/onur-air
Openskies,https://www.airlinequality.com/airline-reviews/openskies
Orient Thai Airlines,https://www.airlinequality.com/airline-reviews/orient-thai
Pacific Airlines,https://www.airlinequality.com/airline-reviews/pacific-airlines
Pakistan Intl Airlines,https://www.airlinequality.com/airline-reviews/pia-pakistan-international-airlines
PAL Express,https://www.airlinequality.com/airline-reviews/pal-express
Pan Pacific Airlines,https://www.airlinequality.com/airline-reviews/pan-pacific-airlines
Passaredo,https://www.airlinequality.com/airline-reviews/passaredo-linhas-aereas
Passion Air,https://www.airlinequality.com/airline-reviews/passion-air
PAWA Dominicana,https://www.airlinequality.com/airline-reviews/pawa-dominicana
Peach Aviation,https://www.airlinequality.com/airline-reviews/peach-aviation
Pegasus Airlines,https://www.airlinequality.com/airline-reviews/pegasus-airlines
PenAir,https://www.airlinequality.com/airline-reviews/penair
Peruvian Airlines,https://www.airlinequality.com/airline-reviews/peruvian-airlines
Petroleum Air Services,https://www.airlinequality.com/airline-reviews/petroleum-air-services
Philippine Airlines,https://www.airlinequality.com/airline-reviews/philippine-airlines
Phuket Air,https://www.airlinequality.com/airline-reviews/phuket-air
PLAY,https://www.airlinequality.com/airline-reviews/play
Pobeda Airlines,https://www.airlinequality.com/airline-reviews/pobeda-airlines
Porter Airlines,https://www.airlinequality.com/airline-reviews/porter-airlines
Precision Air,https://www.airlinequality.com/airline-reviews/precision
Primera Air,https://www.airlinequality.com/airline-reviews/primera-air
Privilege Style,https://www.airlinequality.com/airline-reviews/privilege-style
Qantas Airways,https://www.airlinequality.com/airline-reviews/qantas-airways
QantasLink,https://www.airlinequality.com/airline-reviews/qantaslink
Qatar Airways,https://www.airlinequality.com/airline-reviews/qatar-airways
Qazaq Air,https://www.airlinequality.com/airline-reviews/qazaq-air
Ravn Alaska,https://www.airlinequality.com/airline-reviews/ravn-alaska
Red Wings Airlines,https://www.airlinequality.com/airline-reviews/red-wings-airlines
Regent Airways,https://www.airlinequality.com/airline-reviews/regent-airways
Regional Express,https://www.airlinequality.com/airline-reviews/regional-express
Rex Airlines,https://www.airlinequality.com/airline-reviews/rex-airlines
Rhein-Neckar Air,https://www.airlinequality.com/airline-reviews/rhein-neckar-air
Rossiya Airlines,https://www.airlinequality.com/airline-reviews/rossiya-airlines
Royal Air Maroc,https://www.airlinequality.com/airline-reviews/royal-air-maroc
Royal Brunei Airlines,https://www.airlinequality.com/airline-reviews/royal-brunei-airlines
Royal Jordanian Airlines,https://www.airlinequality.com/airline-reviews/royal-jordanian-airlines
Rwandair,https://www.airlinequality.com/airline-reviews/rwandair
Ryanair,https://www.airlinequality.com/airline-reviews/ryanair
S7 Siberia Airlines,https://www.airlinequality.com/airline-reviews/s7-siberia-airlines
SA Express,https://www.airlinequality.com/airline-reviews/sa-express
Safarilink,https://www.airlinequality.com/airline-reviews/safarilink
Safi Airways,https://www.airlinequality.com/airline-reviews/safi-airways
Salam Air,https://www.airlinequality.com/airline-reviews/salam-air
Sansa Airlines,https://www.airlinequality.com/airline-reviews/sansa-airlines
Santa Barbara Airlines,https://www.airlinequality.com/airline-reviews/santa-barbara
SAS Scandinavian,https://www.airlinequality.com/airline-reviews/sas-scandinavian-airlines
SATA Air Azores,https://www.airlinequality.com/airline-reviews/sata-air-azores
SATA International,https://www.airlinequality.com/airline-reviews/sata-internacional
SATENA,https://www.airlinequality.com/airline-reviews/satena
Saudi Arabian Airlines,https://www.airlinequality.com/airline-reviews/saudi-arabian-airlines
SCAT Airlines,https://www.airlinequality.com/airline-reviews/scat-airlines
Scoot,https://www.airlinequality.com/airline-reviews/scoot
Seaborne Airlines,https://www.airlinequality.com/airline-reviews/seaborne-airlines
SereneAir,https://www.airlinequality.com/airline-reviews/sereneair
Shaheen Air,https://www.airlinequality.com/airline-reviews/shaheen-air
Shandong Airlines,https://www.airlinequality.com/airline-reviews/shandong-airlines
Shanghai Airlines,https://www.airlinequality.com/airline-reviews/shanghai-airlines
Shenzhen Airlines,https://www.airlinequality.com/airline-reviews/shenzhen-airlines
Sichuan Airlines,https://www.airlinequality.com/airline-reviews/sichuan-airlines
SilkAir,https://www.airlinequality.com/airline-reviews/silkair
Silver Airways,https://www.airlinequality.com/airline-reviews/silver-airways
Singapore Airlines,https://www.airlinequality.com/airline-reviews/singapore-airlines
Sky Airline,https://www.airlinequality.com/airline-reviews/sky-airline
Sky Express Airlines,https://www.airlinequality.com/airline-reviews/sky-express-airlines
Skybus,https://www.airlinequality.com/airline-reviews/skybus
Skymark Airlines,https://www.airlinequality.com/airline-reviews/skymark-airlines
Skytrans Airlines,https://www.airlinequality.com/airline-reviews/skytrans-airlines
SkyUp Airlines,https://www.airlinequality.com/airline-reviews/skyup-airlines
SkyWest Airlines,https://www.airlinequality.com/airline-reviews/skywest-airlines
SkyWork Airlines,https://www.airlinequality.com/airline-reviews/skywork-airlines
Small Planet Airlines,https://www.airlinequality.com/airline-reviews/small-planet-airlines-uab
Smartavia,https://www.airlinequality.com/airline-reviews/smartavia
SmartLynx Airlines,https://www.airlinequality.com/airline-reviews/smartlynx-airlines
SmartWings,https://www.airlinequality.com/airline-reviews/smartwings
Sol L�neas A�reas,https://www.airlinequality.com/airline-reviews/sol-lineas-aereas
Solomon Airlines,https://www.airlinequality.com/airline-reviews/solomon-airlines
Somon Air,https://www.airlinequality.com/airline-reviews/somon-air
South African Airways,https://www.airlinequality.com/airline-reviews/south-african-airways
Southwest Airlines,https://www.airlinequality.com/airline-reviews/southwest-airlines
SpiceJet,https://www.airlinequality.com/airline-reviews/spicejet
Spirit Airlines,https://www.airlinequality.com/airline-reviews/spirit-airlines
Spring Airlines,https://www.airlinequality.com/airline-reviews/spring
SriLankan Airlines,https://www.airlinequality.com/airline-reviews/srilankan-airlines
Sriwijaya Air,https://www.airlinequality.com/airline-reviews/sriwijaya-air
Star Peru,https://www.airlinequality.com/airline-reviews/star-per
StarFlyer,https://www.airlinequality.com/airline-reviews/starflyer
STARLUX Airlines,https://www.airlinequality.com/airline-reviews/starlux-airlines
Sudan Airways,https://www.airlinequality.com/airline-reviews/sudan-airways
Sun Country Airlines,https://www.airlinequality.com/airline-reviews/sun-country-airlines
Sun-Air,https://www.airlinequality.com/airline-reviews/sun-air
SunExpress,https://www.airlinequality.com/airline-reviews/sun-express
Sunwing Airlines,https://www.airlinequality.com/airline-reviews/sunwing-airlines
Suparna Airlines,https://www.airlinequality.com/airline-reviews/suparna-airlines
Super Air Jet,https://www.airlinequality.com/airline-reviews/super-air-jet
Surinam Airways,https://www.airlinequality.com/airline-reviews/surinam-airways
SVG Air,https://www.airlinequality.com/airline-reviews/svg-air
Swiss Intl Air Lines,https://www.airlinequality.com/airline-reviews/swiss-international-air-lines
Swoop,https://www.airlinequality.com/airline-reviews/swoop
SyrianAir,https://www.airlinequality.com/airline-reviews/syrianair
T'Way Air,https://www.airlinequality.com/airline-reviews/tway-air
TAAG Angola Airlines,https://www.airlinequality.com/airline-reviews/taag-angola-airlines
TACA Airlines,https://www.airlinequality.com/airline-reviews/taca
TACA Regional,https://www.airlinequality.com/airline-reviews/taca-regional
TACV Cabo Verde Airlines,https://www.airlinequality.com/airline-reviews/tacv-cabo
TAG Airlines,https://www.airlinequality.com/airline-reviews/tag-airlines
Tailwind Airlines,https://www.airlinequality.com/airline-reviews/tailwind-airlines
Tajik Air,https://www.airlinequality.com/airline-reviews/tajikistan-airlines
TAM Airlines,https://www.airlinequality.com/airline-reviews/tam-airlines
TAME,https://www.airlinequality.com/airline-reviews/tame
Tame L�nea A�rea Del Ecuador,https://www.airlinequality.com/airline-reviews/tame-linea-aerea-del-ecuador
TAP Portugal,https://www.airlinequality.com/airline-reviews/tap-portugal
TAR Aerolineas,https://www.airlinequality.com/airline-reviews/tar-aerolineas
TAROM Romanian,https://www.airlinequality.com/airline-reviews/tarom-romanian-airlines
Thai AirAsia,https://www.airlinequality.com/airline-reviews/thai-airasia
Thai Airways,https://www.airlinequality.com/airline-reviews/thai-airways
Thai Lion Air,https://www.airlinequality.com/airline-reviews/thai-lion-air
Thai Smile Airways,https://www.airlinequality.com/airline-reviews/thai-smile-airways
Thomas Cook Airlines,https://www.airlinequality.com/airline-reviews/thomas-cook-airlines
Thomas Cook Airlines Belgium,https://www.airlinequality.com/airline-reviews/thomas-cook-belgium-airlines-customer
Thomas Cook Airlines Scandinavia,https://www.airlinequality.com/airline-reviews/thomas-cook-airlines-scandinavia
Thomson Airways,https://www.airlinequality.com/airline-reviews/thomson-airways
Tianjin Airlines,https://www.airlinequality.com/airline-reviews/tianjin-airlines
Tibet Airlines,https://www.airlinequality.com/airline-reviews/tibet-airlines
Tigerair,https://www.airlinequality.com/airline-reviews/tigerair
Tigerair Australia,https://www.airlinequality.com/airline-reviews/tigerair-australia
Tigerair Taiwan,https://www.airlinequality.com/airline-reviews/tigerair-taiwan
Titan Airways,https://www.airlinequality.com/airline-reviews/titan-airways
Transaero Airlines,https://www.airlinequality.com/airline-reviews/transaero-airlines
TransAsia Airways,https://www.airlinequality.com/airline-reviews/transasia-airways
Transavia,https://www.airlinequality.com/airline-reviews/transavia
TransNusa,https://www.airlinequality.com/airline-reviews/transnusa
Trigana Air,https://www.airlinequality.com/airline-reviews/trigana-air
Tropic Air Belize,https://www.airlinequality.com/airline-reviews/tropic-air-belize
TUI Airways,https://www.airlinequality.com/airline-reviews/tui-airways
TUIfly,https://www.airlinequality.com/airline-reviews/tuifly
TUIfly Nordic,https://www.airlinequality.com/airline-reviews/tuifly-nordic
Tunisair,https://www.airlinequality.com/airline-reviews/tunisair
Turkish Airlines,https://www.airlinequality.com/airline-reviews/turkish-airlines
Turkmenistan Airlines,https://www.airlinequality.com/airline-reviews/turkmenistan-airlines
TUS Airways,https://www.airlinequality.com/airline-reviews/tus-airways
Uganda Airlines,https://www.airlinequality.com/airline-reviews/uganda-airlines
Ukraine International,https://www.airlinequality.com/airline-reviews/ukraine-international-airlines
Ultra Air,https://www.airlinequality.com/airline-reviews/ultra-air
United Airlines,https://www.airlinequality.com/airline-reviews/united-airlines
UP by El Al,https://www.airlinequality.com/airline-reviews/up-by-el-al
Ural Airlines,https://www.airlinequality.com/airline-reviews/ural-airlines
US Airways,https://www.airlinequality.com/airline-reviews/us-airways
US-Bangla Airlines,https://www.airlinequality.com/airline-reviews/us-bangla-airlines
Utair Aviation,https://www.airlinequality.com/airline-reviews/utair-aviation
Uzbekistan Airways,https://www.airlinequality.com/airline-reviews/uzbekistan-airways
V Air,https://www.airlinequality.com/airline-reviews/v-air
Vanilla Air,https://www.airlinequality.com/airline-reviews/vanilla-air
ViaAir,https://www.airlinequality.com/airline-reviews/viaair
VietJet Air,https://www.airlinequality.com/airline-reviews/vietjetair
Vietnam Airlines,https://www.airlinequality.com/airline-reviews/vietnam-airlines
Virgin America,https://www.airlinequality.com/airline-reviews/virgin-america
Virgin Atlantic,https://www.airlinequality.com/airline-reviews/virgin-atlantic-airways
Virgin Australia,https://www.airlinequality.com/airline-reviews/virgin-australia
Vistara,https://www.airlinequality.com/airline-reviews/vistara
Viva Air,https://www.airlinequality.com/airline-reviews/viva-air
VivaAerob�s,https://www.airlinequality.com/airline-reviews/vivaaerobus
VivaColombia,https://www.airlinequality.com/airline-reviews/vivacolombia
VLM Airlines,https://www.airlinequality.com/airline-reviews/vlm-airlines
Volaris,https://www.airlinequality.com/airline-reviews/volaris
Volotea,https://www.airlinequality.com/airline-reviews/volotea
Voyage Air,https://www.airlinequality.com/airline-reviews/voyage-air
Vueling Airlines,https://www.airlinequality.com/airline-reviews/vueling-airlines
Wamos Air,https://www.airlinequality.com/airline-reviews/wamos-air
WestJet Airlines,https://www.airlinequality.com/airline-reviews/westjet
Wideroe,https://www.airlinequality.com/airline-reviews/wideroe
Winair,https://www.airlinequality.com/airline-reviews/winair
Wingo,https://www.airlinequality.com/airline-reviews/wingo
Wings Air,https://www.airlinequality.com/airline-reviews/wings-air
Wizz Air,https://www.airlinequality.com/airline-reviews/wizz-air
World2Fly,https://www.airlinequality.com/airline-reviews/world2fly
WOW air,https://www.airlinequality.com/airline-reviews/wow-air
Xiamen Airlines,https://www.airlinequality.com/airline-reviews/xiamen-airlines
XL Airways France,https://www.airlinequality.com/airline-reviews/xl-airways-france
Yakutia Airlines,https://www.airlinequality.com/airline-reviews/yakutia-airlines
Yangon Airways,https://www.airlinequality.com/airline-reviews/yangon-airways
Yemenia,https://www.airlinequality.com/airline-reviews/yemenia
Yeti Airlines,https://www.airlinequality.com/airline-reviews/yeti-airlines
Zambia Airways,https://www.airlinequality.com/airline-reviews/zambia-airways
ZIPAIR,https://www.airlinequality.com/airline-reviews/zipair
